{
  "IntegratedGradients": {
    "status": "success",
    "n_samples": 4,
    "mean_f_score": 1.0,
    "std_f_score": 0.0,
    "median_f_score": 1.0,
    "min_f_score": 1.0,
    "max_f_score": 1.0,
    "q25_f_score": 1.0,
    "q75_f_score": 1.0,
    "mean_p_value": 2.476235418462556e-61,
    "significant_fraction": 1.0,
    "confidence_interval_95": [
      1.0,
      1.0
    ]
  },
  "Random": {
    "status": "success",
    "n_samples": 4,
    "mean_f_score": 0.1384360812386824,
    "std_f_score": 0.23977832630613055,
    "median_f_score": 0.0,
    "min_f_score": 0.0,
    "max_f_score": 0.5537443249547296,
    "q25_f_score": 0.0,
    "q75_f_score": 0.1384360812386824,
    "mean_p_value": 6.049191638638533e-15,
    "significant_fraction": 1.0,
    "confidence_interval_95": [
      0.0,
      0.5122135005831248
    ]
  }
}