{
  "IntegratedGradients": {
    "status": "success",
    "n_samples": 200,
    "mean_f_score": 0.6391776821584468,
    "std_f_score": 0.34159068521709757,
    "median_f_score": 0.7621227134956402,
    "min_f_score": 0.0,
    "max_f_score": 1.0,
    "q25_f_score": 0.44251753671568117,
    "q75_f_score": 0.9210539093437047,
    "mean_p_value": 0.022639152931553462,
    "significant_fraction": 0.925,
    "confidence_interval_95": [
      0.0,
      1.0
    ]
  },
  "Random": {
    "status": "success",
    "n_samples": 200,
    "mean_f_score": 0.010385827621380062,
    "std_f_score": 0.06523864007161044,
    "median_f_score": 0.0,
    "min_f_score": 0.0,
    "max_f_score": 0.5923102655293365,
    "q25_f_score": 0.0,
    "q75_f_score": 0.0,
    "mean_p_value": 0.006357871291232922,
    "significant_fraction": 0.985,
    "confidence_interval_95": [
      0.0,
      0.15033030871531644
    ]
  }
}